,Unnamed: 0,fixed acidity,volatile acidity,citric acid,residual sugar,chlorides,free sulfur dioxide,total sulfur dioxide,density,pH,sulphates,alcohol
1406,1406,8.2,0.24,0.34,5.1,0.062,8.0,22.0,0.9974,3.22,0.94,10.9
58,58,7.8,0.59,0.18,2.3,0.076,17.0,54.0,0.9975,3.43,0.59,10.0
1092,1092,7.0,0.54,0.09,2.0,0.081,10.0,16.0,0.99479,3.43,0.59,11.5
69,69,8.0,0.705,0.05,1.9,0.074,8.0,19.0,0.9962,3.34,0.95,10.5
553,553,5.0,1.04,0.24,1.6,0.05,32.0,96.0,0.9934,3.74,0.62,11.5
489,489,9.3,0.39,0.4,2.6,0.073,10.0,26.0,0.9984,3.34,0.75,10.2
1199,1199,7.9,0.58,0.23,2.3,0.076,23.0,94.0,0.99686,3.21,0.58,9.5
364,364,12.8,0.615,0.66,5.8,0.083,7.0,42.0,1.0022,3.07,0.73,10.0
424,424,7.7,0.96,0.2,2.0,0.047,15.0,60.0,0.9955,3.36,0.44,10.9
355,355,6.7,0.75,0.01,2.4,0.078,17.0,32.0,0.9955,3.55,0.61,12.8
434,434,10.4,0.41,0.55,3.2,0.076,22.0,54.0,0.9996,3.15,0.89,9.9
855,855,7.6,0.735,0.02,2.5,0.071,10.0,14.0,0.99538,3.51,0.71,11.7
1489,1489,6.2,0.57,0.1,2.1,0.048,4.0,11.0,0.99448,3.44,0.76,10.8
1259,1259,6.8,0.64,0.0,2.7,0.123,15.0,33.0,0.99538,3.44,0.63,11.3
1468,1468,7.3,0.48,0.32,2.1,0.062,31.0,54.0,0.99728,3.3,0.65,10.0
1015,1015,10.5,0.39,0.46,2.2,0.075,14.0,27.0,0.99598,3.06,0.84,11.4
320,320,9.8,0.66,0.39,3.2,0.083,21.0,59.0,0.9989,3.37,0.71,11.5
728,728,6.4,0.57,0.02,1.8,0.067,4.0,11.0,0.997,3.46,0.68,9.5
813,813,6.9,0.39,0.24,2.1,0.102,4.0,7.0,0.99462,3.44,0.58,11.4
1452,1452,6.6,0.58,0.02,2.0,0.062,37.0,53.0,0.99374,3.35,0.76,11.6
1564,1564,7.2,0.695,0.13,2.0,0.076,12.0,20.0,0.99546,3.29,0.54,10.1
288,288,8.7,0.52,0.09,2.5,0.091,20.0,49.0,0.9976,3.34,0.86,10.6
1510,1510,6.4,0.36,0.21,2.2,0.047,26.0,48.0,0.99661,3.47,0.77,9.7
433,433,12.3,0.39,0.63,2.3,0.091,6.0,18.0,1.0004,3.16,0.49,9.5
710,710,10.6,1.025,0.43,2.8,0.08,21.0,84.0,0.9985,3.06,0.57,10.1
1440,1440,7.2,0.37,0.32,2.0,0.062,15.0,28.0,0.9947,3.23,0.73,11.3
1435,1435,10.2,0.54,0.37,15.4,0.214,55.0,95.0,1.00369,3.18,0.77,9.0
1571,1571,6.4,0.38,0.14,2.2,0.038,15.0,25.0,0.99514,3.44,0.65,11.1
162,162,7.8,0.53,0.04,1.7,0.076,17.0,31.0,0.9964,3.33,0.56,10.0
206,206,12.8,0.3,0.74,2.6,0.095,9.0,28.0,0.9994,3.2,0.77,10.8
1567,1567,7.2,0.695,0.13,2.0,0.076,12.0,20.0,0.99546,3.29,0.54,10.1
21,21,7.6,0.39,0.31,2.3,0.082,23.0,71.0,0.9982,3.52,0.65,9.7
785,785,9.9,0.35,0.41,2.3,0.083,11.0,61.0,0.9982,3.21,0.5,9.5
160,160,7.6,0.95,0.03,2.0,0.09,7.0,20.0,0.9959,3.2,0.56,9.6
857,857,8.2,0.26,0.34,2.5,0.073,16.0,47.0,0.99594,3.4,0.78,11.3
88,88,9.3,0.39,0.44,2.1,0.107,34.0,125.0,0.9978,3.14,1.22,9.5
1114,1114,5.0,0.4,0.5,4.3,0.046,29.0,80.0,0.9902,3.49,0.66,13.6
695,695,5.1,0.47,0.02,1.3,0.034,18.0,44.0,0.9921,3.9,0.62,12.8
832,832,10.4,0.44,0.42,1.5,0.145,34.0,48.0,0.99832,3.38,0.86,9.9
187,187,7.7,0.705,0.1,2.6,0.084,9.0,26.0,0.9976,3.39,0.49,9.7
305,305,10.3,0.53,0.48,2.5,0.063,6.0,25.0,0.9998,3.12,0.59,9.3
1342,1342,7.6,0.54,0.02,1.7,0.085,17.0,31.0,0.99589,3.37,0.51,10.4
1412,1412,8.2,0.24,0.34,5.1,0.062,8.0,22.0,0.9974,3.22,0.94,10.9
1253,1253,7.9,0.66,0.0,1.4,0.096,6.0,13.0,0.99569,3.43,0.58,9.5
497,497,7.2,0.34,0.32,2.5,0.09,43.0,113.0,0.9966,3.32,0.79,11.1
804,804,8.4,0.52,0.22,2.7,0.084,4.0,18.0,0.99682,3.26,0.57,9.9
778,778,8.3,0.43,0.3,3.4,0.079,7.0,34.0,0.99788,3.36,0.61,10.5
1425,1425,8.3,0.26,0.37,1.4,0.076,8.0,23.0,0.9974,3.26,0.7,9.6
477,477,10.4,0.24,0.49,1.8,0.075,6.0,20.0,0.9977,3.18,1.06,11.0
124,124,7.8,0.5,0.17,1.6,0.082,21.0,102.0,0.996,3.39,0.48,9.5
1186,1186,6.6,0.8,0.03,7.8,0.079,6.0,12.0,0.9963,3.52,0.5,12.2
1580,1580,7.4,0.35,0.33,2.4,0.068,9.0,26.0,0.9947,3.36,0.6,11.9
483,483,10.6,0.36,0.6,2.2,0.152,7.0,18.0,0.9986,3.04,1.06,9.4
1541,1541,7.4,0.25,0.29,2.2,0.054,19.0,49.0,0.99666,3.4,0.76,10.9
67,67,6.6,0.705,0.07,1.6,0.076,6.0,15.0,0.9962,3.44,0.58,10.7
664,664,12.1,0.4,0.52,2.0,0.092,15.0,54.0,1.0,3.03,0.66,10.2
529,529,9.9,0.63,0.24,2.4,0.077,6.0,33.0,0.9974,3.09,0.57,9.4
639,639,8.9,0.29,0.35,1.9,0.067,25.0,57.0,0.997,3.18,1.36,10.3
1536,1536,6.1,0.53,0.08,1.9,0.077,24.0,45.0,0.99528,3.6,0.68,10.3
52,52,6.6,0.5,0.04,2.1,0.068,6.0,14.0,0.9955,3.39,0.64,9.4
24,24,6.9,0.4,0.14,2.4,0.085,21.0,40.0,0.9968,3.43,0.63,9.7
456,456,8.9,0.59,0.39,2.3,0.095,5.0,22.0,0.9986,3.37,0.58,10.3
1105,1105,6.3,0.57,0.28,2.1,0.048,13.0,49.0,0.99374,3.41,0.6,12.8
1310,1310,7.5,0.61,0.26,1.9,0.073,24.0,88.0,0.99612,3.3,0.53,9.8
40,40,7.3,0.45,0.36,5.9,0.074,12.0,87.0,0.9978,3.33,0.83,10.5
815,815,10.8,0.45,0.33,2.5,0.099,20.0,38.0,0.99818,3.24,0.71,10.8
59,59,7.3,0.39,0.31,2.4,0.074,9.0,46.0,0.9962,3.41,0.54,9.4
1437,1437,6.8,0.915,0.29,4.8,0.07,15.0,39.0,0.99577,3.53,0.54,11.1
32,32,8.3,0.655,0.12,2.3,0.083,15.0,113.0,0.9966,3.17,0.66,9.8
375,375,11.5,0.54,0.71,4.4,0.124,6.0,15.0,0.9984,3.01,0.83,11.8
893,893,7.2,0.66,0.03,2.3,0.078,16.0,86.0,0.99743,3.53,0.57,9.7
499,499,8.7,0.69,0.31,3.0,0.086,23.0,81.0,1.0002,3.48,0.74,11.6
1278,1278,8.0,0.715,0.22,2.3,0.075,13.0,81.0,0.99688,3.24,0.54,9.5
592,592,9.0,0.45,0.49,2.6,0.084,21.0,75.0,0.9987,3.35,0.57,9.7
598,598,8.5,0.585,0.18,2.1,0.078,5.0,30.0,0.9967,3.2,0.48,9.8
911,911,9.1,0.28,0.46,9.0,0.114,3.0,9.0,0.99901,3.18,0.6,10.9
302,302,8.3,0.705,0.12,2.6,0.092,12.0,28.0,0.9994,3.51,0.72,10.0
841,841,6.6,0.66,0.0,3.0,0.115,21.0,31.0,0.99629,3.45,0.63,10.3
1008,1008,8.9,0.35,0.4,3.6,0.11,12.0,24.0,0.99549,3.23,0.7,12.0
692,692,8.6,0.49,0.51,2.0,0.422,16.0,62.0,0.9979,3.03,1.17,9.0
400,400,6.6,0.735,0.02,7.9,0.122,68.0,124.0,0.9994,3.47,0.53,9.9
950,950,8.9,0.12,0.45,1.8,0.075,10.0,21.0,0.99552,3.41,0.76,11.9
1526,1526,6.8,0.47,0.08,2.2,0.064,18.0,38.0,0.99553,3.3,0.65,9.6
1213,1213,9.6,0.38,0.42,1.9,0.071,5.0,13.0,0.99659,3.15,0.75,10.5
604,604,8.3,0.58,0.13,2.9,0.096,14.0,63.0,0.9984,3.17,0.62,9.1
1447,1447,6.8,0.67,0.0,1.9,0.08,22.0,39.0,0.99701,3.4,0.74,9.7
938,938,7.2,0.38,0.38,2.8,0.068,23.0,42.0,0.99356,3.34,0.72,12.9
1113,1113,8.9,0.24,0.39,1.6,0.074,3.0,10.0,0.99698,3.12,0.59,9.5
17,17,8.1,0.56,0.28,1.7,0.368,16.0,56.0,0.9968,3.11,1.28,9.3
696,696,7.0,0.65,0.02,2.1,0.066,8.0,25.0,0.9972,3.47,0.67,9.5
701,701,7.0,0.65,0.02,2.1,0.066,8.0,25.0,0.9972,3.47,0.67,9.5
1007,1007,9.1,0.3,0.34,2.0,0.064,12.0,25.0,0.99516,3.26,0.84,11.7
1500,1500,7.5,0.725,0.04,1.5,0.076,8.0,15.0,0.99508,3.26,0.53,9.6
964,964,8.5,0.47,0.27,1.9,0.058,18.0,38.0,0.99518,3.16,0.85,11.1
812,812,10.8,0.45,0.33,2.5,0.099,20.0,38.0,0.99818,3.24,0.71,10.8
959,959,8.0,0.59,0.05,2.0,0.089,12.0,32.0,0.99735,3.36,0.61,10.0
1279,1279,9.8,0.3,0.39,1.7,0.062,3.0,9.0,0.9948,3.14,0.57,11.5
969,969,6.7,0.56,0.09,2.9,0.079,7.0,22.0,0.99669,3.46,0.61,10.2
377,377,9.4,0.27,0.53,2.4,0.074,6.0,18.0,0.9962,3.2,1.13,12.0
648,648,8.7,0.48,0.3,2.8,0.066,10.0,28.0,0.9964,3.33,0.67,11.2
1512,1512,6.4,0.79,0.04,2.2,0.061,11.0,17.0,0.99588,3.53,0.65,10.4
1057,1057,7.6,0.42,0.25,3.9,0.104,28.0,90.0,0.99784,3.15,0.57,9.1
562,562,9.0,0.54,0.49,2.9,0.094,41.0,110.0,0.9982,3.08,0.61,9.2
1059,1059,8.9,0.48,0.53,4.0,0.101,3.0,10.0,0.99586,3.21,0.59,12.1
1272,1272,5.9,0.46,0.0,1.9,0.077,25.0,44.0,0.99385,3.5,0.53,11.2
244,244,15.0,0.21,0.44,2.2,0.075,10.0,24.0,1.00005,3.07,0.84,9.2
1139,1139,8.2,0.51,0.24,2.0,0.079,16.0,86.0,0.99764,3.34,0.64,9.5
208,208,7.8,0.44,0.28,2.7,0.1,18.0,95.0,0.9966,3.22,0.67,9.4
982,982,7.3,0.52,0.32,2.1,0.07,51.0,70.0,0.99418,3.34,0.82,12.9
289,289,11.6,0.42,0.53,3.3,0.105,33.0,98.0,1.001,3.2,0.95,9.2
1481,1481,8.2,0.28,0.6,3.0,0.104,10.0,22.0,0.99828,3.39,0.68,10.6
1149,1149,10.0,0.35,0.47,2.0,0.061,6.0,11.0,0.99585,3.23,0.52,12.0
1048,1048,9.3,0.49,0.36,1.7,0.081,3.0,14.0,0.99702,3.27,0.78,10.9
1598,1598,6.0,0.31,0.47,3.6,0.067,18.0,42.0,0.99549,3.39,0.66,11.0
1012,1012,7.7,1.005,0.15,2.1,0.102,11.0,32.0,0.99604,3.23,0.48,10.0
1321,1321,5.0,0.74,0.0,1.2,0.041,16.0,46.0,0.99258,4.01,0.59,12.5
1180,1180,8.2,0.35,0.33,2.4,0.076,11.0,47.0,0.99599,3.27,0.81,11.0
582,582,11.7,0.49,0.49,2.2,0.083,5.0,15.0,1.0,3.19,0.43,9.2
87,87,7.7,0.49,0.26,1.9,0.062,9.0,31.0,0.9966,3.39,0.64,9.6
1416,1416,10.0,0.32,0.59,2.2,0.077,3.0,15.0,0.9994,3.2,0.78,9.6
1534,1534,6.6,0.56,0.14,2.4,0.064,13.0,29.0,0.99397,3.42,0.62,11.7
127,127,8.1,1.33,0.0,1.8,0.082,3.0,12.0,0.9964,3.54,0.48,10.9
1502,1502,7.3,0.585,0.18,2.4,0.078,15.0,60.0,0.99638,3.31,0.54,9.8
1215,1215,8.8,0.27,0.46,2.1,0.095,20.0,29.0,0.99488,3.26,0.56,11.3
491,491,9.2,0.41,0.5,2.5,0.055,12.0,25.0,0.9952,3.34,0.79,13.3
1287,1287,8.0,0.6,0.08,2.6,0.056,3.0,7.0,0.99286,3.22,0.37,13.0
479,479,9.4,0.685,0.11,2.7,0.077,6.0,31.0,0.9984,3.19,0.7,10.1
657,657,12.0,0.5,0.59,1.4,0.073,23.0,42.0,0.998,2.92,0.68,10.5
1560,1560,7.8,0.6,0.26,2.0,0.08,31.0,131.0,0.99622,3.21,0.52,9.9
469,469,8.7,0.82,0.02,1.2,0.07,36.0,48.0,0.9952,3.2,0.58,9.8
1062,1062,8.0,0.38,0.44,1.9,0.098,6.0,15.0,0.9956,3.3,0.64,11.4
1473,1473,6.1,0.6,0.08,1.8,0.071,14.0,45.0,0.99336,3.38,0.54,11.0
249,249,7.3,0.66,0.0,2.0,0.084,6.0,23.0,0.9983,3.61,0.96,9.9
465,465,10.0,0.29,0.4,2.9,0.098,10.0,26.0,1.0006,3.48,0.91,9.7
1597,1597,5.9,0.645,0.12,2.0,0.075,32.0,44.0,0.99547,3.57,0.71,10.2
1515,1515,6.9,0.84,0.21,4.1,0.074,16.0,65.0,0.99842,3.53,0.72,9.25
676,676,10.8,0.4,0.41,2.2,0.084,7.0,17.0,0.9984,3.08,0.67,9.3
667,667,11.3,0.34,0.45,2.0,0.082,6.0,15.0,0.9988,2.94,0.66,9.2
1483,1483,8.1,0.33,0.44,1.5,0.042,6.0,12.0,0.99542,3.35,0.61,10.7
595,595,8.9,0.595,0.41,7.9,0.086,30.0,109.0,0.9998,3.27,0.57,9.3
156,156,7.1,0.43,0.42,5.5,0.07,29.0,129.0,0.9973,3.42,0.72,10.5
850,850,9.3,0.43,0.44,1.9,0.085,9.0,22.0,0.99708,3.28,0.55,9.5
1121,1121,6.6,0.5,0.0,1.8,0.062,21.0,28.0,0.99352,3.44,0.55,12.3
1496,1496,7.7,0.54,0.26,1.9,0.089,23.0,147.0,0.99636,3.26,0.59,9.7
587,587,7.3,0.73,0.24,1.9,0.108,18.0,102.0,0.9967,3.26,0.59,9.3
258,258,7.7,0.41,0.76,1.8,0.611,8.0,45.0,0.9968,3.06,1.26,9.4
864,864,7.2,0.62,0.06,2.7,0.077,15.0,85.0,0.99746,3.51,0.54,9.5
205,205,12.8,0.3,0.74,2.6,0.095,9.0,28.0,0.9994,3.2,0.77,10.8
1594,1594,6.2,0.6,0.08,2.0,0.09,32.0,44.0,0.9949,3.45,0.58,10.5
134,134,7.9,1.04,0.05,2.2,0.084,13.0,29.0,0.9959,3.22,0.55,9.9
327,327,10.3,0.44,0.5,4.5,0.107,5.0,13.0,0.998,3.28,0.83,11.5
576,576,9.9,0.5,0.24,2.3,0.103,6.0,14.0,0.9978,3.34,0.52,10.0
427,427,9.5,0.78,0.22,1.9,0.077,6.0,32.0,0.9988,3.26,0.56,10.6
480,480,10.6,0.28,0.39,15.5,0.069,6.0,23.0,1.0026,3.12,0.66,9.2
234,234,8.2,1.0,0.09,2.3,0.065,7.0,37.0,0.99685,3.32,0.55,9.0
89,89,7.0,0.62,0.08,1.8,0.076,8.0,24.0,0.9978,3.48,0.53,9.0
586,586,11.1,0.31,0.49,2.7,0.094,16.0,47.0,0.9986,3.12,1.02,10.6
349,349,9.1,0.785,0.0,2.6,0.093,11.0,28.0,0.9994,3.36,0.86,9.4
1540,1540,6.2,0.52,0.08,4.4,0.071,11.0,32.0,0.99646,3.56,0.63,11.6
1304,1304,7.6,0.79,0.21,2.3,0.087,21.0,68.0,0.9955,3.12,0.44,9.2
278,278,10.3,0.32,0.45,6.4,0.073,5.0,13.0,0.9976,3.23,0.82,12.6
856,856,9.3,0.36,0.39,1.5,0.08,41.0,55.0,0.99652,3.47,0.73,10.9
1204,1204,7.2,0.36,0.46,2.1,0.074,24.0,44.0,0.99534,3.4,0.85,11.0
1531,1531,6.1,0.705,0.1,2.8,0.081,13.0,28.0,0.99631,3.6,0.66,10.2
1265,1265,7.2,0.57,0.05,2.3,0.081,16.0,36.0,0.99564,3.38,0.6,10.3
1320,1320,9.7,0.66,0.34,2.6,0.094,12.0,88.0,0.99796,3.26,0.66,10.1
1332,1332,8.4,0.39,0.1,1.7,0.075,6.0,25.0,0.99581,3.09,0.43,9.7
825,825,7.1,0.46,0.14,2.8,0.076,15.0,37.0,0.99624,3.36,0.49,10.7
138,138,7.8,0.56,0.19,2.1,0.081,15.0,105.0,0.9962,3.33,0.54,9.5
61,61,7.7,0.69,0.49,1.8,0.115,20.0,112.0,0.9968,3.21,0.71,9.3
941,941,9.9,0.27,0.49,5.0,0.082,9.0,17.0,0.99484,3.19,0.52,12.5
865,865,7.2,0.635,0.07,2.6,0.077,16.0,86.0,0.99748,3.51,0.54,9.7
1462,1462,6.8,0.64,0.03,2.3,0.075,14.0,31.0,0.99545,3.36,0.58,10.4
1091,1091,7.9,0.34,0.42,2.0,0.086,8.0,19.0,0.99546,3.35,0.6,11.4
688,688,7.7,0.66,0.04,1.6,0.039,4.0,9.0,0.9962,3.4,0.47,9.4
294,294,13.3,0.34,0.52,3.2,0.094,17.0,53.0,1.0014,3.05,0.81,9.5
224,224,8.4,0.635,0.36,2.0,0.089,15.0,55.0,0.99745,3.31,0.57,10.4
178,178,7.0,0.805,0.0,2.5,0.068,7.0,20.0,0.9969,3.48,0.56,9.6
909,909,7.3,0.305,0.39,1.2,0.059,7.0,11.0,0.99331,3.29,0.52,11.5
999,999,6.4,0.69,0.0,1.65,0.055,7.0,12.0,0.99162,3.47,0.53,12.9
1049,1049,9.3,0.5,0.36,1.8,0.084,6.0,17.0,0.99704,3.27,0.77,10.8
242,242,7.7,0.58,0.1,1.8,0.102,28.0,109.0,0.99565,3.08,0.49,9.8
123,123,8.0,0.71,0.0,2.6,0.08,11.0,34.0,0.9976,3.44,0.53,9.5
1470,1470,10.0,0.69,0.11,1.4,0.084,8.0,24.0,0.99578,2.88,0.47,9.7
130,130,8.0,0.745,0.56,2.0,0.118,30.0,134.0,0.9968,3.24,0.66,9.4
211,211,8.0,0.725,0.24,2.8,0.083,10.0,62.0,0.99685,3.35,0.56,10.0
986,986,9.8,0.34,0.39,1.4,0.066,3.0,7.0,0.9947,3.19,0.55,11.4
981,981,9.5,0.86,0.26,1.9,0.079,13.0,28.0,0.99712,3.25,0.62,10.0
1346,1346,6.1,0.59,0.01,2.1,0.056,5.0,13.0,0.99472,3.52,0.56,11.4
1511,1511,7.1,0.69,0.04,2.1,0.068,19.0,27.0,0.99712,3.44,0.67,9.8
1158,1158,6.7,0.41,0.43,2.8,0.076,22.0,54.0,0.99572,3.42,1.16,10.6
105,105,8.1,0.575,0.22,2.1,0.077,12.0,65.0,0.9967,3.29,0.51,9.2
719,719,7.1,0.66,0.0,3.9,0.086,17.0,45.0,0.9976,3.46,0.54,9.5
783,783,6.5,0.46,0.14,2.4,0.114,9.0,37.0,0.99732,3.66,0.65,9.8
1411,1411,6.4,0.47,0.4,2.4,0.071,8.0,19.0,0.9963,3.56,0.73,10.6
912,912,10.0,0.46,0.44,2.9,0.065,4.0,8.0,0.99674,3.33,0.62,12.2
580,580,12.3,0.5,0.49,2.2,0.089,5.0,14.0,1.0002,3.19,0.44,9.6
1589,1589,6.6,0.725,0.2,7.8,0.073,29.0,79.0,0.9977,3.29,0.54,9.2
885,885,8.9,0.75,0.14,2.5,0.086,9.0,30.0,0.99824,3.34,0.64,10.5
1375,1375,7.2,0.56,0.26,2.0,0.083,13.0,100.0,0.99586,3.26,0.52,9.9
231,231,8.0,0.38,0.06,1.8,0.078,12.0,49.0,0.99625,3.37,0.52,9.9
543,543,11.2,0.66,0.24,2.5,0.085,16.0,53.0,0.9993,3.06,0.72,11.0
1537,1537,5.4,0.58,0.08,1.9,0.059,20.0,31.0,0.99484,3.5,0.64,10.2
405,405,8.7,0.31,0.46,1.4,0.059,11.0,25.0,0.9966,3.36,0.76,10.1
826,826,7.5,0.27,0.34,2.3,0.05,4.0,8.0,0.9951,3.4,0.64,11.0
1449,1449,7.2,0.38,0.31,2.0,0.056,15.0,29.0,0.99472,3.23,0.76,11.3
1402,1402,7.6,0.3,0.42,2.0,0.052,6.0,24.0,0.9963,3.44,0.82,11.9
1131,1131,5.9,0.19,0.21,1.7,0.045,57.0,135.0,0.99341,3.32,0.44,9.5
179,179,8.8,0.61,0.14,2.4,0.067,10.0,42.0,0.9969,3.19,0.59,9.5
317,317,9.6,0.77,0.12,2.9,0.082,30.0,74.0,0.99865,3.3,0.64,10.4
1424,1424,8.3,0.26,0.37,1.4,0.076,8.0,23.0,0.9974,3.26,0.7,9.6
354,354,6.1,0.21,0.4,1.4,0.066,40.5,165.0,0.9912,3.25,0.59,11.9
247,247,8.2,0.6,0.17,2.3,0.072,11.0,73.0,0.9963,3.2,0.45,9.3
1177,1177,7.1,0.66,0.0,2.4,0.052,6.0,11.0,0.99318,3.35,0.66,12.7
915,915,8.6,0.315,0.4,2.2,0.079,3.0,6.0,0.99512,3.27,0.67,11.9
573,573,10.5,0.59,0.49,2.1,0.07,14.0,47.0,0.9991,3.3,0.56,9.6
906,906,7.2,0.54,0.27,2.6,0.084,12.0,78.0,0.9964,3.39,0.71,11.0
1031,1031,7.3,0.55,0.01,1.8,0.093,9.0,15.0,0.99514,3.35,0.58,11.0
925,925,8.6,0.22,0.36,1.9,0.064,53.0,77.0,0.99604,3.47,0.87,11.0
76,76,8.8,0.41,0.64,2.2,0.093,9.0,42.0,0.9986,3.54,0.66,10.5
347,347,13.8,0.49,0.67,3.0,0.093,6.0,15.0,0.9986,3.02,0.93,12.0
1195,1195,6.2,0.43,0.22,1.8,0.078,21.0,56.0,0.99633,3.52,0.6,9.5
311,311,7.9,0.53,0.24,2.0,0.072,15.0,105.0,0.996,3.27,0.54,9.4
590,590,9.0,0.45,0.49,2.6,0.084,21.0,75.0,0.9987,3.35,0.57,9.7
742,742,6.5,0.615,0.0,1.9,0.065,9.0,18.0,0.9972,3.46,0.65,9.2
1386,1386,7.4,0.64,0.07,1.8,0.1,8.0,23.0,0.9961,3.3,0.58,9.6
297,297,7.1,0.63,0.06,2.0,0.083,8.0,29.0,0.99855,3.67,0.73,9.6
1300,1300,5.2,0.645,0.0,2.15,0.08,15.0,28.0,0.99444,3.78,0.61,12.5
506,506,10.4,0.24,0.46,1.8,0.075,6.0,21.0,0.9976,3.25,1.02,10.8
1592,1592,6.3,0.51,0.13,2.3,0.076,29.0,40.0,0.99574,3.42,0.75,11.0
544,544,14.3,0.31,0.74,1.8,0.075,6.0,15.0,1.0008,2.86,0.79,8.4
94,94,5.0,1.02,0.04,1.4,0.045,41.0,85.0,0.9938,3.75,0.48,10.5
384,384,7.7,0.51,0.28,2.1,0.087,23.0,54.0,0.998,3.42,0.74,9.2
115,115,9.4,0.4,0.31,2.2,0.09,13.0,62.0,0.9966,3.07,0.63,10.5
1143,1143,7.0,0.22,0.3,1.8,0.065,16.0,20.0,0.99672,3.61,0.82,10.0
250,250,10.8,0.32,0.44,1.6,0.063,16.0,37.0,0.9985,3.22,0.78,10.0
201,201,8.8,0.37,0.48,2.1,0.097,39.0,145.0,0.9975,3.04,1.03,9.3
510,510,12.4,0.42,0.49,4.6,0.073,19.0,43.0,0.9978,3.02,0.61,9.5
1591,1591,5.4,0.74,0.09,1.7,0.089,16.0,26.0,0.99402,3.67,0.56,11.6
603,603,13.2,0.46,0.52,2.2,0.071,12.0,35.0,1.0006,3.1,0.56,9.0
1362,1362,11.6,0.475,0.4,1.4,0.091,6.0,28.0,0.99704,3.07,0.65,10.0333333333333
1238,1238,8.1,0.73,0.0,2.5,0.081,12.0,24.0,0.99798,3.38,0.46,9.6
717,717,7.6,0.46,0.11,2.6,0.079,12.0,49.0,0.9968,3.21,0.57,10.0
184,184,6.7,0.62,0.21,1.9,0.079,8.0,62.0,0.997,3.52,0.58,9.3
839,839,6.0,0.5,0.04,2.2,0.092,13.0,26.0,0.99647,3.46,0.47,10.0
245,245,7.3,0.66,0.0,2.0,0.084,6.0,23.0,0.9983,3.61,0.96,9.9
1579,1579,6.2,0.56,0.09,1.7,0.053,24.0,32.0,0.99402,3.54,0.6,11.3
546,546,7.5,0.55,0.24,2.0,0.078,10.0,28.0,0.9983,3.45,0.78,9.5
1539,1539,7.2,0.39,0.32,1.8,0.065,34.0,60.0,0.99714,3.46,0.78,9.9
1096,1096,6.6,0.725,0.09,5.5,0.117,9.0,17.0,0.99655,3.35,0.49,10.8
1441,1441,7.4,0.785,0.19,5.2,0.094,19.0,98.0,0.99713,3.16,0.52,9.56666666666667
513,513,10.5,0.51,0.64,2.4,0.107,6.0,15.0,0.9973,3.09,0.66,11.8
1408,1408,8.1,0.29,0.36,2.2,0.048,35.0,53.0,0.995,3.27,1.01,12.4
714,714,9.9,0.74,0.28,2.6,0.078,21.0,77.0,0.998,3.28,0.51,9.8
575,575,12.3,0.27,0.49,3.1,0.079,28.0,46.0,0.9993,3.2,0.8,10.2
748,748,7.2,0.5,0.18,2.1,0.071,12.0,31.0,0.99761,3.52,0.72,9.6
1509,1509,7.9,0.18,0.4,1.8,0.062,7.0,20.0,0.9941,3.28,0.7,11.1
1381,1381,6.8,0.83,0.09,1.8,0.074,4.0,25.0,0.99534,3.38,0.45,9.6
83,83,7.3,0.67,0.26,1.8,0.401,16.0,51.0,0.9969,3.16,1.14,9.4
57,57,7.5,0.63,0.12,5.1,0.111,50.0,110.0,0.9983,3.26,0.77,9.4
1576,1576,8.0,0.3,0.63,1.6,0.081,16.0,29.0,0.99588,3.3,0.78,10.8
1235,1235,6.0,0.33,0.32,12.9,0.054,6.0,113.0,0.99572,3.3,0.56,11.5
665,665,9.4,0.59,0.14,2.0,0.084,25.0,48.0,0.9981,3.14,0.56,9.7
117,117,7.8,0.56,0.12,2.0,0.082,7.0,28.0,0.997,3.37,0.5,9.4
1501,1501,7.8,0.82,0.29,4.3,0.083,21.0,64.0,0.99642,3.16,0.53,9.4
99,99,8.1,0.545,0.18,1.9,0.08,13.0,35.0,0.9972,3.3,0.59,9.0
809,809,7.6,0.48,0.31,2.8,0.07,4.0,15.0,0.99693,3.22,0.55,10.3
732,732,7.3,0.835,0.03,2.1,0.092,10.0,19.0,0.9966,3.39,0.47,9.6
1415,1415,6.2,0.58,0.0,1.6,0.065,8.0,18.0,0.9966,3.56,0.84,9.4
80,80,6.2,0.45,0.2,1.6,0.069,3.0,15.0,0.9958,3.41,0.56,9.2
901,901,7.4,0.635,0.1,2.4,0.08,16.0,33.0,0.99736,3.58,0.69,10.8
1132,1132,7.4,0.36,0.34,1.8,0.075,18.0,38.0,0.9933,3.38,0.88,13.6
1566,1566,6.7,0.16,0.64,2.1,0.059,24.0,52.0,0.99494,3.34,0.71,11.2
226,226,8.9,0.59,0.5,2.0,0.337,27.0,81.0,0.9964,3.04,1.61,9.5
931,931,7.4,0.61,0.01,2.0,0.074,13.0,38.0,0.99748,3.48,0.65,9.8
939,939,6.2,0.46,0.17,1.6,0.073,7.0,11.0,0.99425,3.61,0.54,11.4
1529,1529,7.1,0.69,0.08,2.1,0.063,42.0,52.0,0.99608,3.42,0.6,10.2
1367,1367,6.9,0.54,0.3,2.2,0.088,9.0,105.0,0.99725,3.25,1.18,10.5
1454,1454,11.7,0.45,0.63,2.2,0.073,7.0,23.0,0.99974,3.21,0.69,10.9
300,300,7.5,0.53,0.06,2.6,0.086,20.0,44.0,0.9965,3.38,0.59,10.7
60,60,8.8,0.4,0.4,2.2,0.079,19.0,52.0,0.998,3.44,0.64,9.2
542,542,9.3,0.715,0.24,2.1,0.07,5.0,20.0,0.9966,3.12,0.59,9.9
1475,1475,5.3,0.47,0.11,2.2,0.048,16.0,89.0,0.99182,3.54,0.88,13.5666666666667
1018,1018,8.0,0.18,0.37,0.9,0.049,36.0,109.0,0.99007,2.89,0.44,12.7
207,207,7.8,0.57,0.31,1.8,0.069,26.0,120.0,0.99625,3.29,0.53,9.3
946,946,10.2,0.44,0.58,4.1,0.092,11.0,24.0,0.99745,3.29,0.99,12.0
210,210,9.7,0.53,0.6,2.0,0.039,5.0,19.0,0.99585,3.3,0.86,12.4
933,933,7.4,0.61,0.01,2.0,0.074,13.0,38.0,0.99748,3.48,0.65,9.8
1436,1436,10.0,0.38,0.38,1.6,0.169,27.0,90.0,0.99914,3.15,0.65,8.5
509,509,13.3,0.29,0.75,2.8,0.084,23.0,43.0,0.9986,3.04,0.68,11.4
979,979,12.2,0.45,0.49,1.4,0.075,3.0,6.0,0.9969,3.13,0.63,10.4
241,241,12.0,0.38,0.56,2.1,0.093,6.0,24.0,0.99925,3.14,0.71,10.9
567,567,8.7,0.7,0.24,2.5,0.226,5.0,15.0,0.9991,3.32,0.6,9.0
867,867,6.9,0.51,0.23,2.0,0.072,13.0,22.0,0.99438,3.4,0.84,11.2
131,131,5.6,0.5,0.09,2.3,0.049,17.0,99.0,0.9937,3.63,0.63,13.0
1046,1046,7.6,0.78,0.0,1.7,0.076,33.0,45.0,0.99612,3.31,0.62,10.7
698,698,9.4,0.615,0.28,3.2,0.087,18.0,72.0,1.0001,3.31,0.53,9.7
500,500,7.8,0.52,0.25,1.9,0.081,14.0,38.0,0.9984,3.43,0.65,9.0
860,860,7.2,0.62,0.06,2.7,0.077,15.0,85.0,0.99746,3.51,0.54,9.5
1294,1294,8.2,0.635,0.1,2.1,0.073,25.0,60.0,0.99638,3.29,0.75,10.9
1231,1231,7.8,0.815,0.01,2.6,0.074,48.0,90.0,0.99621,3.38,0.62,10.8
1460,1460,6.4,0.42,0.09,2.3,0.054,34.0,64.0,0.99724,3.41,0.68,10.4
1032,1032,8.1,0.82,0.0,4.1,0.095,5.0,14.0,0.99854,3.36,0.53,9.6
1353,1353,7.6,0.645,0.03,1.9,0.086,14.0,57.0,0.9969,3.37,0.46,10.3
73,73,8.3,0.675,0.26,2.1,0.084,11.0,43.0,0.9976,3.31,0.53,9.2
1115,1115,7.0,0.69,0.07,2.5,0.091,15.0,21.0,0.99572,3.38,0.6,11.3
443,443,10.0,0.44,0.49,2.7,0.077,11.0,19.0,0.9963,3.23,0.63,11.6
55,55,7.7,0.62,0.04,3.8,0.084,25.0,45.0,0.9978,3.34,0.53,9.5
842,842,10.6,0.5,0.45,2.6,0.119,34.0,68.0,0.99708,3.23,0.72,10.9
1555,1555,7.0,0.56,0.17,1.7,0.065,15.0,24.0,0.99514,3.44,0.68,10.55
626,626,8.8,0.6,0.29,2.2,0.098,5.0,15.0,0.9988,3.36,0.49,9.1
1292,1292,5.9,0.395,0.13,2.4,0.056,14.0,28.0,0.99362,3.62,0.67,12.4
1330,1330,7.4,0.6,0.26,2.1,0.083,17.0,91.0,0.99616,3.29,0.56,9.8
1464,1464,6.8,0.59,0.1,1.7,0.063,34.0,53.0,0.9958,3.41,0.67,9.7
1016,1016,8.9,0.38,0.4,2.2,0.068,12.0,28.0,0.99486,3.27,0.75,12.6
165,165,7.8,0.63,0.48,1.7,0.1,14.0,96.0,0.9961,3.19,0.62,9.5
7,7,7.3,0.65,0.0,1.2,0.065,15.0,21.0,0.9946,3.39,0.47,10.0
219,219,7.8,0.53,0.33,2.4,0.08,24.0,144.0,0.99655,3.3,0.6,9.5
1350,1350,9.0,0.6,0.29,2.0,0.069,32.0,73.0,0.99654,3.34,0.57,10.0
